100,490-5942-1-ND
4,478-4448-1-ND
100,1276-6536-1-ND
10,PCF1467CT-ND
100,478-1215-1-ND
10,PCF1471CT-ND
10,399-15364-1-ND
100,1276-1132-1-ND
100,1276-1967-1-ND
100,1276-2041-1-ND
100,1276-2087-1-ND
10,1276-2969-1-ND
10,1276-2872-1-ND
10,P18996CT-ND
3,P16816-1-ND
4,641-1762-1-ND
20,BAS40INCT-ND
4,296-27751-1-ND
10,296-1089-1-ND
1,ADCMP582BCPZ-WP
2,DS1100LU-45+-ND
10,296-26805-1-ND
2,296-27750-1-ND
10,296-41699-1-ND
10,497-11882-1-ND
2,1014-1015-ND
2,1014-1013-ND
2,MAX5725BAUP+-ND
2,LM1117IMPX-3.3/NOPBCT-ND
10,490-15665-1-ND
100,553-2384-1-ND
10,SRF0703-820MCT-ND
50,240-2551-1-ND
10,475-1278-1-ND
10,475-1410-1-ND
4,455-1792-1-ND
10,IRLML6402PBFCT-ND
100,P22.0LCT-ND
100,RNCP0603FTD10R0CT-ND
100,RNCP0603FTD49R9CT-ND
100,RNCP0603FTD100RCT-ND
100,311-470HRCT-ND
100,311-1.00KHRCT-ND
100,311-1.40KHRCT-ND
100,311-2.00KHRCT-ND
100,311-2.20KHRCT-ND
100,311-2.49KHRCT-ND
100,311-4.70KHRCT-ND
100,311-6.80KHRCT-ND
100,311-10.0KHRCT-ND
100,311-11.8KHRCT-ND
100,311-16.9KHRCT-ND
100,311-24.0KHRCT-ND
100,311-29.4KHRCT-ND
100,311-76.8KHRCT-ND
100,311-100KHRCT-ND
100,311-137KHRCT-ND
4,374-1041-1-ND
2,EG5350CT-ND
2,J571-ND
4,36-7774-ND
2,609-1039-ND
4,490-11071-1-ND
